{"_screenShakeStrength":0.8624143600463867,"_masterVolume":0.886135995388031,"_musicVolume":0.4486030638217926,"_sfxVolume":0.9124934673309326}